sound,type,pronunciation
a,final,Open your mouth wide and say 'ah' as in 'father'.
ai,final,Sounds like 'eye'
an,final,Say 'ahn' with an open 'ah' like in 'father' and finish with your tongue tip on the ridge behind your upper teeth.
ang,final,Say 'ahng' with a wide 'ah' like in 'father' and end with the 'ng' of 'sing'.
ao,final,Sounds like 'ow' in 'cow'
b,initial,"Say 'spy' without the 's' or 'y': a soft, unaspirated sound with no puff of air"
c,initial,Like the 'ts' in 'cats' but with a strong puff of air.
ch,initial,"Like the 'ch' in 'church', but curl your tongue tip back."
d,initial,"Say 'sty' without the 's' or 'y': a soft, unaspirated sound with no puff of air."
e,final,Say 'uh' like in 'duh'
ei,final,Sounds like 'ay' in 'hey' or 'day'.
en,final,Say 'uhn'. Like the 'en' in 'taken'.
eng,final,Say 'ung' like the 'ung' in 'lung'
er,final,like the 'er' in 'her' but curl your tongue upwards
f,initial,Pronounced exactly like the English 'f' in 'fan'.
g,initial,"Like the 'k' in 'sky': a soft, unaspirated sound made at the back of the throat with no puff of air."
h,initial,Like the English 'h' but with a slight rasp from the back of the throat
i,final,"Say 'ee' as in 'see'; (after z, c, s, zh, ch, sh, r, the 'i' is pronounced like 'shirt' but without the 'rt')."
ia,final,Sounds like 'yah' as in 'yacht'.
ian,final,Sounds like 'yen' 
iang,final,Say 'yahng' like 'young' but with an open 'ah' vowel.
iao,final,Sounds like 'yow' as in 'meow'.
ie,final,Sounds like 'yeh' as in 'yes'.
in,final,Say 'een' as in 'seen'.
ing,final,"Say 'eeng', like the English word 'sing' pronounced with a long 'ee'."
iong,final,"Say 'yoong', gliding from 'ee' into a rounded 'oong' as in 'book' plus 'ng'."
iu,final,"Sounds like 'yo' in 'yo-yo', gliding from 'ee' to 'oh'."
j,initial,"Like the 'j' in 'jeep' but softer, with your tongue flat behind your lower teeth and no puff of air."
k,initial,Like the 'k' in 'kite' with a strong puff of air.
l,initial,Pronounced like the English 'l' in 'love'.
m,initial,Pronounced like the English 'm' in 'mother'.
n,initial,Pronounced like the English 'n' in 'no'.
o,final,"Round your lips and say 'waw' like the 'aw' in 'law', as in 'bo'."
ong,final,Say 'oong' with rounded lips like 'book' followed by the 'ng' of 'sing'.
ou,final,Sounds like 'oh' as in 'go'.
p,initial,Like the 'p' in 'pie' with a strong puff of air.
q,initial,Like the 'ch' in 'cheese' but with tongue tip behind your lower teeth and a strong puff of air.
r,initial,Like 'rouge' with your tongue curled back; it is not a rolled 'r'.
s,initial,Pronounced like the English 's' in 'sun'.
sh,initial,Like the 'sh' in 'shirt' with your tongue tip curled back.
t,initial,Like the 't' in 'top' with a strong puff of air.
u,final,Say 'oo' as in 'moon' with rounded lips.
ua,final,Sounds like 'wah' as in the start of 'water'.
uai,final,Sounds like the English word 'why'.
uan,final,"Say 'wahn', gliding from 'oo' into 'an' as in 'want'."
uang,final,Say 'wahng' like 'wong' with an open 'ah' vowel.
ue,final,"1. Shape your mouth to say ""ee"" while rounding your lips into an ""oo"" shape 2. Glide into 'eh' as in 'yes', like 'yweh'."
ui,final,Sounds like the English word 'way'.
un,final,"Say 'wun' like in 'won', gliding from 'oo' into 'en'."
uo,final,"Sounds like 'wo' in 'wore', gliding from 'oo' to 'aw'."
v,final,"Shape your mouth to say ""ee"" while rounding your lips into an ""oo"" shape"
w,initial,Pronounced like the English 'w' in 'water'.
x,initial,"Say ""sh"" as in ""sheep"" but place your tongue behind your lower teeth"
y,initial,Pronounced like the English 'y' in 'yes'.
z,initial,Like the 'ds' in 'adds' with no puff of air.
zh,initial,Like the 'j' in 'judge' with your tongue tip curled back and no puff of air.
tone 1 (ā),tone,"Start high and hold the pitch steady and flat, like singing one sustained high note."
tone 2 (á),tone,"Start at a medium pitch and rise sharply to high, like the rising intonation of a surprised 'What?'."
tone 3 (ǎ),tone,"A low, flat pitch when spoken normally; rising at the end only when emphasized"
tone 4 (à),tone,"Fourth tone, falling (pitch 51), as in mà (骂 scold): start high and drop sharply to low, like firmly saying 'No!' or giving a command."
tone 5 (a),tone,"Neutral tone, light and short with no fixed pitch, as in ma (吗 question particle): say it softly and quickly, letting its pitch follow on from the previous syllable's tone."